{
  "fx": 330.69952392578125,
  "fy": 329.77105712890625,
  "cx": 312.63726806640625,
  "cy": 239.59999084472656,
  "rot": [
    [
      -0.41026701825901024,
      -0.4852333255836261,
      0.7721590467461457
    ],
    [
      0.0015466137612435704,
      0.846326279096924,
      0.5326625923563895
    ],
    [
      -0.9119641340067794,
      0.2197281253117367,
      -0.3464692904605763
    ]
  ],
  "trans": [
    0.3878541787702769,
    -0.03528075683576279,
    -0.047825708870885705
  ]
}