{
  "fx": 328.1859436035156,
  "fy": 327.1475830078125,
  "cx": 315.9046936035156,
  "cy": 244.67686462402344,
  "rot": [
    [
      -0.415811330418574,
      0.4533334901207071,
      0.7884095916657242
    ],
    [
      -0.012892735982137332,
      0.8638818187607438,
      -0.50352952304063
    ],
    [
      -0.909359508035425,
      -0.2195380375916853,
      -0.3533671393833351
    ]
  ],
  "trans": [
    0.3834720285351317,
    0.03538364780848124,
    -0.04623725349669379
  ]
}