{
  "fx": 329.6427307128906,
  "fy": 328.624267578125,
  "cx": 318.1893005371094,
  "cy": 236.08468627929688,
  "rot": [
    [
      -0.4149335411255876,
      0.4515838559654688,
      0.7898747859504949
    ],
    [
      -0.013208281450674902,
      0.8650545838391928,
      -0.5015038467249487
    ],
    [
      -0.9097558451310446,
      -0.21852365549331235,
      -0.3529755150711449
    ]
  ],
  "trans": [
    0.38507716954170124,
    0.0347261491703662,
    -0.04750350487464852
  ]
}