{
  "fx": 330.7203063964844,
  "fy": 329.7578430175781,
  "cx": 316.46453857421875,
  "cy": 236.39564514160156,
  "rot": [
    [
      -0.407214486162884,
      -0.4850052276527569,
      0.7739162043842964
    ],
    [
      -0.002678836990660599,
      0.8479848290674619,
      0.5300137295427402
    ],
    [
      -0.9133286298433199,
      0.21375607317904433,
      -0.34661095638712747
    ]
  ],
  "trans": [
    0.3862315666747993,
    -0.03506406065469916,
    -0.048030263765738324
  ]
}